<application>
  <component name="DepsSettings">
    <option name="clojureCommandPath" value="" />
    <option name="toolsDepsVersion" value="0.12.985" />
    <option name="toolsDepsVersions">
      <list>
        <option value="0.12.985" />
        <option value="0.11.935" />
        <option value="0.11.931" />
        <option value="0.11.926" />
        <option value="0.11.922" />
        <option value="0.11.918" />
        <option value="0.11.910" />
        <option value="0.11.905" />
        <option value="0.11.901" />
        <option value="0.10.895" />
        <option value="0.10.889" />
        <option value="0.9.884" />
        <option value="0.9.876" />
        <option value="0.9.871" />
        <option value="0.9.863" />
        <option value="0.9.859" />
        <option value="0.9.857" />
        <option value="0.9.853" />
        <option value="0.9.847" />
        <option value="0.9.840" />
        <option value="0.9.833" />
        <option value="0.9.828" />
        <option value="0.9.821" />
        <option value="0.9.816" />
        <option value="0.9.810" />
        <option value="0.9.799" />
        <option value="0.9.795" />
        <option value="0.9.790" />
        <option value="0.9.782" />
        <option value="0.9.763" />
        <option value="0.9.759" />
        <option value="0.9.755" />
        <option value="0.9.751" />
        <option value="0.9.745" />
        <option value="0.8.709" />
        <option value="0.8.702" />
        <option value="0.8.695" />
        <option value="0.8.677" />
        <option value="0.8.666" />
        <option value="0.8.661" />
        <option value="0.8.640" />
        <option value="0.8.633" />
        <option value="0.8.624" />
        <option value="0.8.599" />
        <option value="0.8.591" />
        <option value="0.8.584" />
        <option value="0.8.578" />
        <option value="0.8.573" />
        <option value="0.8.567" />
        <option value="0.8.559" />
        <option value="0.7.549" />
        <option value="0.7.541" />
        <option value="0.7.535" />
        <option value="0.7.527" />
        <option value="0.7.516" />
        <option value="0.7.511" />
        <option value="0.7.505" />
        <option value="0.6.496" />
        <option value="0.6.488" />
        <option value="0.6.480" />
        <option value="0.6.474" />
        <option value="0.5.460" />
        <option value="0.5.452" />
        <option value="0.5.442" />
        <option value="0.5.435" />
        <option value="0.5.425" />
        <option value="0.5.417" />
        <option value="0.5.410" />
        <option value="0.5.398" />
        <option value="0.5.393" />
        <option value="0.5.388" />
        <option value="0.5.383" />
        <option value="0.5.373" />
        <option value="0.5.351" />
        <option value="0.5.342" />
        <option value="0.5.338" />
        <option value="0.5.334" />
        <option value="0.5.329" />
        <option value="0.5.323" />
        <option value="0.5.317" />
        <option value="0.4.295" />
        <option value="0.4.291" />
        <option value="0.4.277" />
        <option value="0.4.276" />
        <option value="0.3.260" />
        <option value="0.3.254" />
        <option value="0.3.249" />
        <option value="0.3.245" />
        <option value="0.3.240" />
        <option value="0.3.236" />
        <option value="0.3.231" />
        <option value="0.3.225" />
        <option value="0.3.220" />
        <option value="0.2.196" />
        <option value="0.2.190" />
        <option value="0.2.183" />
        <option value="0.2.179" />
        <option value="0.2.173" />
        <option value="0.2.167" />
        <option value="0.2.162" />
        <option value="0.2.155" />
        <option value="0.2.140" />
        <option value="0.2.135" />
        <option value="0.2.130" />
        <option value="0.2.122" />
        <option value="0.2.116" />
        <option value="0.1.108" />
        <option value="0.1.103" />
        <option value="0.1.100" />
        <option value="0.1.98" />
        <option value="0.1.94" />
        <option value="0.1.90" />
        <option value="0.1.85" />
        <option value="0.1.78" />
        <option value="0.1.73" />
        <option value="0.1.68" />
        <option value="0.1.62" />
        <option value="0.1.56" />
        <option value="0.1.40" />
        <option value="0.1.35" />
        <option value="0.1.29" />
        <option value="0.1.14" />
      </list>
    </option>
  </component>
</application>